GROUP,PACKAGE,CLASS,INSTRUCTION_MISSED,INSTRUCTION_COVERED,BRANCH_MISSED,BRANCH_COVERED,LINE_MISSED,LINE_COVERED,COMPLEXITY_MISSED,COMPLEXITY_COVERED,METHOD_MISSED,METHOD_COVERED
Apache Commons IO,org.apache.commons.io.monitor,FileAlterationListenerAdaptor,0,11,0,0,0,9,0,9,0,9
Apache Commons IO,org.apache.commons.io.monitor,FileAlterationObserver,30,474,5,42,8,105,8,45,3,26
Apache Commons IO,org.apache.commons.io.monitor,FileEntry,31,166,6,16,12,37,11,23,5,18
Apache Commons IO,org.apache.commons.io.monitor,FileAlterationMonitor,4,174,1,19,3,56,1,23,0,14
Apache Commons IO,org.apache.commons.io.monitor,SerializableFileTime,9,66,2,2,3,18,3,11,1,11
Apache Commons IO,org.apache.commons.io.serialization,ValidatingObjectInputStream,6,182,0,10,2,34,0,19,0,14
Apache Commons IO,org.apache.commons.io.serialization,RegexpClassNameMatcher,0,20,0,0,0,6,0,3,0,3
Apache Commons IO,org.apache.commons.io.serialization,WildcardClassNameMatcher,0,11,0,0,0,4,0,2,0,2
Apache Commons IO,org.apache.commons.io.serialization,FullClassNameMatcher,0,16,0,0,0,4,0,2,0,2
Apache Commons IO,org.apache.commons.io.input.buffer,PeekableInputStream,64,0,4,0,12,0,6,0,4,0
Apache Commons IO,org.apache.commons.io.input.buffer,CircularByteBuffer,305,132,45,13,45,29,31,11,6,7
Apache Commons IO,org.apache.commons.io.input.buffer,CircularBufferInputStream,31,137,5,17,5,41,6,13,1,7
Apache Commons IO,org.apache.commons.io,FileExistsException,20,0,0,0,6,0,3,0,3,0
Apache Commons IO,org.apache.commons.io,DirectoryWalker,1,209,0,24,1,55,1,27,1,15
Apache Commons IO,org.apache.commons.io,EndianUtils,0,749,0,4,0,86,0,33,0,31
Apache Commons IO,org.apache.commons.io,FileUtils,1869,813,159,43,375,175,196,84,107,72
Apache Commons IO,org.apache.commons.io,FilenameUtils,62,1575,23,347,17,361,21,213,2,47
Apache Commons IO,org.apache.commons.io,RandomAccessFileMode,8,53,0,0,2,10,2,4,2,4
Apache Commons IO,org.apache.commons.io,FileSystemUtils,97,633,26,69,20,131,23,41,2,13
Apache Commons IO,org.apache.commons.io,ThreadUtils,3,24,1,1,1,7,2,2,1,2
Apache Commons IO,org.apache.commons.io,StreamIterator,43,0,4,0,15,0,7,0,5,0
Apache Commons IO,org.apache.commons.io,FileCleaningTracker.Reaper,0,50,0,6,0,15,0,5,0,2
Apache Commons IO,org.apache.commons.io,Charsets,3,82,0,6,1,19,1,9,1,6
Apache Commons IO,org.apache.commons.io,CloseableURLConnection,196,32,0,0,54,8,43,5,43,5
Apache Commons IO,org.apache.commons.io,IOIndexedException,0,48,0,4,0,8,0,5,0,3
Apache Commons IO,org.apache.commons.io,FileCleaningTracker.Tracker,0,27,0,2,0,6,0,4,0,3
Apache Commons IO,org.apache.commons.io,IOExceptionList,0,95,0,12,0,16,0,17,0,11
Apache Commons IO,org.apache.commons.io,FileCleaner,31,7,0,0,12,2,7,2,7,2
Apache Commons IO,org.apache.commons.io,FileDeleteStrategy.ForceFileDeleteStrategy,0,8,0,0,0,4,0,2,0,2
Apache Commons IO,org.apache.commons.io,StandardLineSeparator,0,43,0,0,0,9,0,4,0,4
Apache Commons IO,org.apache.commons.io,IOExceptionWithCause,4,5,0,0,2,2,1,1,1,1
Apache Commons IO,org.apache.commons.io,HexDump,3,353,0,26,2,43,1,19,1,6
Apache Commons IO,org.apache.commons.io,ByteOrderMark,0,295,0,20,0,47,0,19,0,9
Apache Commons IO,org.apache.commons.io,IOCase,5,218,2,32,1,33,3,31,1,16
Apache Commons IO,org.apache.commons.io,DirectoryWalker.CancelException,0,22,0,0,0,8,0,4,0,4
Apache Commons IO,org.apache.commons.io,LineIterator,3,101,0,12,2,33,1,13,1,7
Apache Commons IO,org.apache.commons.io,ThreadMonitor,0,53,0,6,0,19,0,8,0,5
Apache Commons IO,org.apache.commons.io,UncheckedIOExceptions,0,19,0,0,0,3,0,2,0,2
Apache Commons IO,org.apache.commons.io,ByteOrderParser,0,34,0,4,0,5,0,3,0,1
Apache Commons IO,org.apache.commons.io,FileDeleteStrategy,12,55,1,7,1,15,1,9,0,6
Apache Commons IO,org.apache.commons.io,FileSystem,122,623,26,28,30,57,23,30,6,20
Apache Commons IO,org.apache.commons.io,IOUtils,211,1939,43,245,51,473,50,258,16,148
Apache Commons IO,org.apache.commons.io,FileCleaningTracker,3,108,1,5,1,28,2,10,1,8
Apache Commons IO,org.apache.commons.io,TaggedIOException,3,37,1,7,1,9,2,7,1,4
Apache Commons IO,org.apache.commons.io,CopyUtils,0,160,0,4,0,47,0,15,0,13
Apache Commons IO,org.apache.commons.io.charset,CharsetEncoders,0,7,0,2,0,1,0,2,0,1
Apache Commons IO,org.apache.commons.io.charset,CharsetDecoders,0,7,0,2,0,1,0,2,0,1
Apache Commons IO,org.apache.commons.io.build,AbstractSupplier,0,5,0,0,0,2,0,2,0,2
Apache Commons IO,org.apache.commons.io.build,AbstractOrigin.FileOrigin,0,13,0,0,0,4,0,3,0,3
Apache Commons IO,org.apache.commons.io.build,AbstractOrigin.URIOrigin,4,12,0,0,1,4,1,3,1,3
Apache Commons IO,org.apache.commons.io.build,AbstractOrigin.PathOrigin,0,13,0,0,0,4,0,3,0,3
Apache Commons IO,org.apache.commons.io.build,AbstractOrigin.ReaderOrigin,0,8,0,0,0,3,0,2,0,2
Apache Commons IO,org.apache.commons.io.build,AbstractOrigin.InputStreamOrigin,0,8,0,0,0,3,0,2,0,2
Apache Commons IO,org.apache.commons.io.build,AbstractOrigin.OutputStreamOrigin,0,8,0,0,0,3,0,2,0,2
Apache Commons IO,org.apache.commons.io.build,AbstractOriginSupplier,22,109,4,0,5,22,5,21,3,21
Apache Commons IO,org.apache.commons.io.build,AbstractStreamBuilder,17,76,4,2,4,19,5,10,2,10
Apache Commons IO,org.apache.commons.io.build,AbstractOrigin.WriterOrigin,0,8,0,0,0,3,0,2,0,2
Apache Commons IO,org.apache.commons.io.build,AbstractOrigin,34,16,0,0,6,5,6,3,6,3
Apache Commons IO,org.apache.commons.io.comparator,NameFileComparator,0,67,0,0,0,14,0,5,0,5
Apache Commons IO,org.apache.commons.io.comparator,DirectoryFileComparator,0,28,0,2,0,5,0,5,0,4
Apache Commons IO,org.apache.commons.io.comparator,SizeFileComparator,0,101,2,14,0,23,2,11,0,5
Apache Commons IO,org.apache.commons.io.comparator,LastModifiedFileComparator,0,33,0,4,0,9,0,5,0,3
Apache Commons IO,org.apache.commons.io.comparator,PathFileComparator,0,67,0,0,0,14,0,5,0,5
Apache Commons IO,org.apache.commons.io.comparator,ReverseFileComparator,0,31,0,0,0,5,0,3,0,3
Apache Commons IO,org.apache.commons.io.comparator,CompositeFileComparator,0,110,0,10,0,18,0,14,0,9
Apache Commons IO,org.apache.commons.io.comparator,DefaultFileComparator,0,17,0,0,0,4,0,3,0,3
Apache Commons IO,org.apache.commons.io.comparator,AbstractFileComparator,0,21,0,4,0,8,0,6,0,4
Apache Commons IO,org.apache.commons.io.comparator,ExtensionFileComparator,0,73,0,0,0,16,0,5,0,5
Apache Commons IO,org.apache.commons.io.input,CloseShieldReader,0,13,0,0,0,5,0,3,0,3
Apache Commons IO,org.apache.commons.io.input,Tailer.TailablePath,21,38,0,0,2,8,2,5,2,5
Apache Commons IO,org.apache.commons.io.input,ClosedInputStream,0,12,0,0,0,4,0,3,0,3
Apache Commons IO,org.apache.commons.io.input,UnsupportedOperationExceptions,3,18,0,0,1,3,1,3,1,3
Apache Commons IO,org.apache.commons.io.input,CharacterFilterReader,0,18,0,2,0,4,0,4,0,3
Apache Commons IO,org.apache.commons.io.input,BrokenReader,0,57,0,0,0,14,0,12,0,12
Apache Commons IO,org.apache.commons.io.input,Tailer.Builder,5,94,1,1,2,21,2,8,1,8
Apache Commons IO,org.apache.commons.io.input,ReadAheadInputStream.Builder,9,24,2,2,2,2,3,2,1,2
Apache Commons IO,org.apache.commons.io.input,UnsynchronizedByteArrayInputStream,0,246,0,30,0,54,0,26,0,11
Apache Commons IO,org.apache.commons.io.input,MemoryMappedFileInputStream,4,223,1,21,1,56,2,22,1,12
Apache Commons IO,org.apache.commons.io.input,UnsynchronizedBufferedInputStream,564,24,99,1,118,8,59,2,9,2
Apache Commons IO,org.apache.commons.io.input,BufferedFileChannelInputStream.Builder,0,12,0,0,0,2,0,2,0,2
Apache Commons IO,org.apache.commons.io.input,SequenceReader,6,142,3,21,2,39,3,15,0,6
Apache Commons IO,org.apache.commons.io.input,UncheckedFilterInputStream,10,76,0,0,1,11,2,14,2,14
Apache Commons IO,org.apache.commons.io.input,ByteBufferCleaner.Java9Cleaner,0,42,0,0,0,9,0,2,0,2
Apache Commons IO,org.apache.commons.io.input,MessageDigestCalculatingInputStream.MessageDigestMaintainingObserver,6,13,0,0,2,5,1,2,1,2
Apache Commons IO,org.apache.commons.io.input,XmlStreamReader,45,1381,11,147,9,201,10,95,1,25
Apache Commons IO,org.apache.commons.io.input,QueueInputStream,0,24,0,2,0,6,0,4,0,3
Apache Commons IO,org.apache.commons.io.input,RandomAccessFileInputStream.Builder,23,33,1,3,3,7,2,4,1,3
Apache Commons IO,org.apache.commons.io.input,Tailer.RandomAccessFileBridge,0,28,0,0,0,9,0,5,0,5
Apache Commons IO,org.apache.commons.io.input,CloseShieldInputStream,0,13,0,0,0,5,0,3,0,3
Apache Commons IO,org.apache.commons.io.input,UnsynchronizedFilterInputStream,4,46,0,0,2,13,1,9,1,9
Apache Commons IO,org.apache.commons.io.input,WindowsLineEndingInputStream,2,117,0,26,1,37,1,18,1,5
Apache Commons IO,org.apache.commons.io.input,BoundedInputStream,88,116,6,12,24,26,14,13,11,7
Apache Commons IO,org.apache.commons.io.input,BufferedFileChannelInputStream,19,211,6,22,6,52,9,19,3,11
Apache Commons IO,org.apache.commons.io.input,BOMInputStream,0,343,0,46,0,70,0,42,0,19
Apache Commons IO,org.apache.commons.io.input,XmlStreamReaderException,0,43,0,0,0,14,0,7,0,7
Apache Commons IO,org.apache.commons.io.input,Tailer,62,475,6,35,17,151,9,38,4,22
Apache Commons IO,org.apache.commons.io.input,AbstractBlockingQueueInputStream.TakingQueueInputStream,26,0,0,0,10,0,3,0,3,0
Apache Commons IO,org.apache.commons.io.input,NullInputStream,7,277,1,29,3,69,3,30,2,16
Apache Commons IO,org.apache.commons.io.input,DemuxInputStream,0,38,0,2,0,11,0,5,0,4
Apache Commons IO,org.apache.commons.io.input,ProxyInputStream,30,86,0,2,13,31,0,14,0,13
Apache Commons IO,org.apache.commons.io.input,AbstractCharacterFilterReader,9,77,1,13,2,19,3,11,2,5
Apache Commons IO,org.apache.commons.io.input,AbstractBlockingQueueInputStream,0,24,0,0,0,7,0,4,0,4
Apache Commons IO,org.apache.commons.io.input,MessageDigestCalculatingInputStream,6,31,0,0,2,8,1,5,1,5
Apache Commons IO,org.apache.commons.io.input,TimestampedObserver,0,51,0,2,0,10,0,9,0,8
Apache Commons IO,org.apache.commons.io.input,ClosedReader,0,13,0,0,0,5,0,4,0,4
Apache Commons IO,org.apache.commons.io.input,UnixLineEndingInputStream,2,102,0,24,1,31,1,17,1,5
Apache Commons IO,org.apache.commons.io.input,ReaderInputStream.Builder,0,42,0,0,0,8,0,4,0,4
Apache Commons IO,org.apache.commons.io.input,ReversedLinesFileReader.FilePart,52,278,5,39,6,55,5,22,0,5
Apache Commons IO,org.apache.commons.io.input,CountingInputStream,0,86,0,6,0,20,0,10,0,7
Apache Commons IO,org.apache.commons.io.input,ByteBufferCleaner.Java8Cleaner,34,2,2,0,7,1,2,1,1,1
Apache Commons IO,org.apache.commons.io.input,ObservableInputStream.Observer,4,5,0,0,3,3,3,3,3,3
Apache Commons IO,org.apache.commons.io.input,BOMInputStream.Builder,0,34,0,0,0,7,0,4,0,4
Apache Commons IO,org.apache.commons.io.input,MarkShieldInputStream,0,9,0,0,0,5,0,4,0,4
Apache Commons IO,org.apache.commons.io.input,CharSequenceReader,34,322,5,29,2,65,5,26,0,14
Apache Commons IO,org.apache.commons.io.input,InfiniteCircularInputStream,0,5,0,0,0,2,0,1,0,1
Apache Commons IO,org.apache.commons.io.input,ReversedLinesFileReader,19,305,0,40,6,65,3,30,3,10
Apache Commons IO,org.apache.commons.io.input,AutoCloseInputStream,0,22,0,2,0,11,0,5,0,4
Apache Commons IO,org.apache.commons.io.input,ByteBufferCleaner,23,19,1,1,6,7,2,4,1,4
Apache Commons IO,org.apache.commons.io.input,SwappedDataInputStream,4,94,1,5,1,25,1,18,0,16
Apache Commons IO,org.apache.commons.io.input,BoundedReader,0,97,0,12,0,26,0,12,0,6
Apache Commons IO,org.apache.commons.io.input,TeeReader,0,104,0,10,0,31,0,12,0,7
Apache Commons IO,org.apache.commons.io.input,CharacterSetFilterReader,0,30,0,2,0,8,0,5,0,4
Apache Commons IO,org.apache.commons.io.input,UncheckedFilterReader,0,108,0,0,0,15,0,20,0,20
Apache Commons IO,org.apache.commons.io.input,ReversedLinesFileReader.Builder,0,22,0,0,0,5,0,2,0,2
Apache Commons IO,org.apache.commons.io.input,ProxyReader,49,96,0,2,22,35,1,14,1,13
Apache Commons IO,org.apache.commons.io.input,BrokenInputStream,0,52,0,0,0,13,0,11,0,11
Apache Commons IO,org.apache.commons.io.input,MemoryMappedFileInputStream.Builder,0,20,0,0,0,5,0,2,0,2
Apache Commons IO,org.apache.commons.io.input,TaggedInputStream,0,24,0,0,0,7,0,4,0,4
Apache Commons IO,org.apache.commons.io.input,TaggedReader,0,24,0,0,0,7,0,4,0,4
Apache Commons IO,org.apache.commons.io.input,RandomAccessFileInputStream,6,118,3,9,1,33,3,16,0,13
Apache Commons IO,org.apache.commons.io.input,XmlStreamReader.Builder,12,72,2,6,2,13,2,8,1,5
Apache Commons IO,org.apache.commons.io.input,ReaderInputStream,24,298,5,33,2,70,5,30,0,16
Apache Commons IO,org.apache.commons.io.input,MessageDigestCalculatingInputStream.Builder,15,18,0,0,6,5,2,2,2,2
Apache Commons IO,org.apache.commons.io.input,NullReader,5,258,0,26,2,64,2,28,2,15
Apache Commons IO,org.apache.commons.io.input,TailerListenerAdapter,6,3,0,0,6,1,6,1,6,1
Apache Commons IO,org.apache.commons.io.input,ObservableInputStream,14,182,1,11,4,70,4,24,3,19
Apache Commons IO,org.apache.commons.io.input,CharSequenceInputStream,48,295,10,32,3,76,9,27,0,15
Apache Commons IO,org.apache.commons.io.input,CircularInputStream,0,88,0,10,0,18,0,8,0,3
Apache Commons IO,org.apache.commons.io.input,ClassLoaderObjectInputStream,10,41,0,2,4,8,0,4,0,3
Apache Commons IO,org.apache.commons.io.input,ReadAheadInputStream,141,518,27,51,39,140,24,37,1,21
Apache Commons IO,org.apache.commons.io.input,UncheckedBufferedReader,0,121,0,0,0,18,0,23,0,23
Apache Commons IO,org.apache.commons.io.input,TeeInputStream,0,69,0,8,0,22,0,10,0,6
Apache Commons IO,org.apache.commons.io.input,AbstractBlockingQueueInputStream.PollingQueueInputStream,0,21,0,2,0,6,0,4,0,3
Apache Commons IO,org.apache.commons.io.output,FileWriterWithEncoding.Builder,19,52,2,6,1,9,2,6,0,4
Apache Commons IO,org.apache.commons.io.output,NullPrintStream,0,11,0,0,0,4,0,2,0,2
Apache Commons IO,org.apache.commons.io.output,AbstractByteArrayOutputStream,0,430,3,29,0,99,3,26,0,13
Apache Commons IO,org.apache.commons.io.output,ProxyOutputStream,14,62,0,0,6,28,0,9,0,9
Apache Commons IO,org.apache.commons.io.output,TeeWriter,0,8,0,0,0,4,0,2,0,2
Apache Commons IO,org.apache.commons.io.output,NullOutputStream,0,13,0,0,0,7,0,5,0,5
Apache Commons IO,org.apache.commons.io.output,UncheckedFilterWriter,0,118,0,0,0,20,0,22,0,22
Apache Commons IO,org.apache.commons.io.output,TeeOutputStream,0,47,0,0,0,18,0,6,0,6
Apache Commons IO,org.apache.commons.io.output,ChunkedWriter,0,45,0,4,0,16,0,5,0,3
Apache Commons IO,org.apache.commons.io.output,NullWriter,2,21,0,0,1,13,1,11,1,11
Apache Commons IO,org.apache.commons.io.output,UncheckedAppendableImpl,0,51,0,0,0,10,0,5,0,5
Apache Commons IO,org.apache.commons.io.output,ClosedWriter,0,41,0,0,0,6,0,5,0,5
Apache Commons IO,org.apache.commons.io.output,CountingOutputStream,0,71,0,4,0,16,0,8,0,6
Apache Commons IO,org.apache.commons.io.output,ThresholdingOutputStream,14,135,0,10,6,36,3,19,3,14
Apache Commons IO,org.apache.commons.io.output,NullAppendable,0,11,0,0,0,4,0,4,0,4
Apache Commons IO,org.apache.commons.io.output,FileWriterWithEncoding,31,128,0,8,8,36,3,16,3,12
Apache Commons IO,org.apache.commons.io.output,CloseShieldOutputStream,0,13,0,0,0,5,0,3,0,3
Apache Commons IO,org.apache.commons.io.output,BrokenOutputStream,0,42,0,0,0,11,0,9,0,9
Apache Commons IO,org.apache.commons.io.output,XmlStreamWriter.Builder,0,23,0,0,0,5,0,2,0,2
Apache Commons IO,org.apache.commons.io.output,AppendableWriter,22,83,2,4,2,21,3,10,1,9
Apache Commons IO,org.apache.commons.io.output,StringBuilderWriter,0,79,2,4,0,25,2,13,0,12
Apache Commons IO,org.apache.commons.io.output,DemuxOutputStream,11,37,3,1,4,11,3,4,1,4
Apache Commons IO,org.apache.commons.io.output,WriterOutputStream.Builder,2,67,1,1,0,15,1,6,0,6
Apache Commons IO,org.apache.commons.io.output,ChunkedOutputStream,0,45,0,4,0,16,0,5,0,3
Apache Commons IO,org.apache.commons.io.output,UnsynchronizedByteArrayOutputStream,0,112,1,13,0,27,1,18,0,12
Apache Commons IO,org.apache.commons.io.output,LockableFileWriter.Builder,11,44,3,1,2,10,3,4,1,4
Apache Commons IO,org.apache.commons.io.output,CloseShieldWriter,0,13,0,0,0,5,0,3,0,3
Apache Commons IO,org.apache.commons.io.output,XmlStreamWriter,56,166,8,14,12,43,11,12,4,8
Apache Commons IO,org.apache.commons.io.output,UncheckedAppendable,0,5,0,0,0,1,0,1,0,1
Apache Commons IO,org.apache.commons.io.output,BrokenWriter,0,42,0,0,0,11,0,9,0,9
Apache Commons IO,org.apache.commons.io.output,UncheckedFilterOutputStream,24,33,0,0,4,9,4,8,4,8
Apache Commons IO,org.apache.commons.io.output,ClosedOutputStream,0,29,0,0,0,5,0,4,0,4
Apache Commons IO,org.apache.commons.io.output,ByteArrayOutputStream,0,112,1,13,0,31,1,18,0,12
Apache Commons IO,org.apache.commons.io.output,ProxyCollectionWriter,48,125,0,0,18,58,0,15,0,15
Apache Commons IO,org.apache.commons.io.output,QueueOutputStream,0,43,0,0,0,14,0,4,0,4
Apache Commons IO,org.apache.commons.io.output,TaggedOutputStream,0,24,0,0,0,7,0,4,0,4
Apache Commons IO,org.apache.commons.io.output,ProxyWriter,27,149,0,0,9,62,0,14,0,14
Apache Commons IO,org.apache.commons.io.output,DeferredFileOutputStream,27,194,2,20,7,44,3,24,1,15
Apache Commons IO,org.apache.commons.io.output,LockableFileWriter,120,139,5,9,33,34,17,11,13,8
Apache Commons IO,org.apache.commons.io.output,DeferredFileOutputStream.Builder,0,53,0,0,0,15,0,7,0,7
Apache Commons IO,org.apache.commons.io.output,WriterOutputStream,26,252,3,15,7,72,4,21,1,15
Apache Commons IO,org.apache.commons.io.output,TaggedWriter,0,24,0,0,0,7,0,4,0,4
Apache Commons IO,org.apache.commons.io.output,AppendableOutputStream,0,16,0,0,0,6,0,3,0,3
Apache Commons IO,org.apache.commons.io.output,FilterCollectionWriter,14,129,0,4,2,25,2,22,2,20
Apache Commons IO,org.apache.commons.io.function,IOStreams,4,55,1,7,0,12,2,12,1,9
Apache Commons IO,org.apache.commons.io.function,UncheckedIOIterator,8,27,0,0,2,5,1,3,1,3
Apache Commons IO,org.apache.commons.io.function,IOIterator,4,20,0,2,2,6,1,4,1,3
Apache Commons IO,org.apache.commons.io.function,IOBiFunction,0,24,0,0,0,4,0,5,0,5
Apache Commons IO,org.apache.commons.io.function,IORunnable,0,6,0,0,0,1,0,2,0,2
Apache Commons IO,org.apache.commons.io.function,IOTriConsumer,0,20,0,0,0,6,0,3,0,3
Apache Commons IO,org.apache.commons.io.function,IOTriFunction,0,15,0,0,0,2,0,2,0,2
Apache Commons IO,org.apache.commons.io.function,Uncheck,0,105,0,0,0,42,0,12,0,12
Apache Commons IO,org.apache.commons.io.function,IOSpliteratorAdapter,0,17,0,0,0,5,0,3,0,3
Apache Commons IO,org.apache.commons.io.function,IOFunction,0,119,0,0,0,18,0,19,0,19
Apache Commons IO,org.apache.commons.io.function,IOConsumer,10,47,0,0,4,16,2,11,2,11
Apache Commons IO,org.apache.commons.io.function,IOStream,14,421,0,10,0,59,3,66,3,61
Apache Commons IO,org.apache.commons.io.function,Erase,24,46,0,0,8,23,0,9,0,9
Apache Commons IO,org.apache.commons.io.function,Constants,0,23,0,0,0,6,0,7,0,7
Apache Commons IO,org.apache.commons.io.function,UncheckedIOBaseStream,0,54,0,0,0,12,0,10,0,10
Apache Commons IO,org.apache.commons.io.function,IOStream.new Iterator() {...},0,30,0,2,0,4,0,4,0,3
Apache Commons IO,org.apache.commons.io.function,IOBiConsumer,0,26,0,0,0,7,0,5,0,5
Apache Commons IO,org.apache.commons.io.function,IOComparator,0,8,0,0,0,1,0,2,0,2
Apache Commons IO,org.apache.commons.io.function,UncheckedIOSpliterator,30,39,0,0,3,9,3,6,3,6
Apache Commons IO,org.apache.commons.io.function,IOSupplier,0,6,0,0,0,1,0,2,0,2
Apache Commons IO,org.apache.commons.io.function,IOQuadFunction,0,16,0,0,0,2,0,2,0,2
Apache Commons IO,org.apache.commons.io.function,IOBinaryOperator,0,38,0,4,0,5,0,8,0,6
Apache Commons IO,org.apache.commons.io.function,IOIteratorAdapter,0,25,0,0,0,7,0,5,0,5
Apache Commons IO,org.apache.commons.io.function,IOSpliterator,0,50,0,2,0,11,0,11,0,10
Apache Commons IO,org.apache.commons.io.function,IOUnaryOperator,0,11,0,0,0,2,0,4,0,4
Apache Commons IO,org.apache.commons.io.function,IOBaseStreamAdapter,0,12,0,0,0,4,0,2,0,2
Apache Commons IO,org.apache.commons.io.function,IOPredicate,0,72,0,12,0,9,0,18,0,12
Apache Commons IO,org.apache.commons.io.function,IOBaseStream,0,62,0,4,0,10,0,12,0,10
Apache Commons IO,org.apache.commons.io.function,IOStreamAdapter,0,22,0,4,0,4,0,5,0,3
Apache Commons IO,org.apache.commons.io.filefilter,PrefixFileFilter,78,58,2,2,21,11,8,6,6,6
Apache Commons IO,org.apache.commons.io.filefilter,RegexFileFilter,2,85,1,1,0,19,1,11,0,11
Apache Commons IO,org.apache.commons.io.filefilter,PathEqualsFileFilter,19,0,0,0,5,0,3,0,3,0
Apache Commons IO,org.apache.commons.io.filefilter,NotFileFilter,24,33,3,3,2,7,4,5,2,4
Apache Commons IO,org.apache.commons.io.filefilter,SizeFileFilter,87,0,8,0,14,0,12,0,8,0
Apache Commons IO,org.apache.commons.io.filefilter,SuffixFileFilter,52,75,0,0,14,17,4,8,4,8
Apache Commons IO,org.apache.commons.io.filefilter,WildcardFilter,101,0,8,0,22,0,13,0,9,0
Apache Commons IO,org.apache.commons.io.filefilter,WildcardFileFilter.Builder,0,40,0,0,0,9,0,5,0,5
Apache Commons IO,org.apache.commons.io.filefilter,FileFilterUtils,232,109,11,5,45,20,36,16,29,15
Apache Commons IO,org.apache.commons.io.filefilter,NameFileFilter,48,83,0,0,13,19,3,10,3,10
Apache Commons IO,org.apache.commons.io.filefilter,AbstractFileFilter,33,89,4,8,9,22,5,16,3,12
Apache Commons IO,org.apache.commons.io.filefilter,HiddenFileFilter,11,14,0,0,1,5,2,3,2,3
Apache Commons IO,org.apache.commons.io.filefilter,DelegateFileFilter,77,0,6,0,18,0,8,0,5,0
Apache Commons IO,org.apache.commons.io.filefilter,FileEqualsFileFilter,5,20,0,0,1,5,1,2,1,2
Apache Commons IO,org.apache.commons.io.filefilter,WildcardFileFilter,20,107,0,0,6,22,3,12,3,12
Apache Commons IO,org.apache.commons.io.filefilter,TrueFileFilter,8,19,0,0,4,8,4,5,4,5
Apache Commons IO,org.apache.commons.io.filefilter,PathVisitorFileFilter,61,33,12,2,8,5,9,4,2,4
Apache Commons IO,org.apache.commons.io.filefilter,AndFileFilter,27,151,1,11,6,30,2,23,1,18
Apache Commons IO,org.apache.commons.io.filefilter,MagicNumberFileFilter,207,0,28,0,50,0,21,0,7,0
Apache Commons IO,org.apache.commons.io.filefilter,IOFileFilter,6,21,0,0,1,4,1,4,1,4
Apache Commons IO,org.apache.commons.io.filefilter,FileFileFilter,0,20,0,0,0,6,0,4,0,4
Apache Commons IO,org.apache.commons.io.filefilter,AgeFileFilter,59,45,4,2,14,8,10,5,7,5
Apache Commons IO,org.apache.commons.io.filefilter,SymbolicLinkFileFilter,0,27,0,0,0,8,0,6,0,6
Apache Commons IO,org.apache.commons.io.filefilter,CanExecuteFileFilter,19,0,0,0,6,0,4,0,4,0
Apache Commons IO,org.apache.commons.io.filefilter,DirectoryFileFilter,0,20,0,0,0,6,0,4,0,4
Apache Commons IO,org.apache.commons.io.filefilter,FalseFileFilter,10,17,0,0,5,7,5,4,5,4
Apache Commons IO,org.apache.commons.io.filefilter,CanWriteFileFilter,8,11,0,0,2,4,2,2,2,2
Apache Commons IO,org.apache.commons.io.filefilter,OrFileFilter,57,101,0,2,14,20,4,15,4,14
Apache Commons IO,org.apache.commons.io.filefilter,CanReadFileFilter,8,15,0,0,2,5,2,2,2,2
Apache Commons IO,org.apache.commons.io.filefilter,EmptyFileFilter,34,36,10,2,5,8,7,4,1,4
Apache Commons IO,org.apache.commons.io.file,PathUtils,424,1053,63,115,77,203,78,113,30,72
Apache Commons IO,org.apache.commons.io.file,CleaningPathVisitor,36,130,10,12,5,27,7,13,0,9
Apache Commons IO,org.apache.commons.io.file,PathUtils.RelativeSortedPaths,5,119,5,19,1,24,5,8,0,1
Apache Commons IO,org.apache.commons.io.file,Counters.NoopPathCounters,0,11,0,0,0,3,0,2,0,2
Apache Commons IO,org.apache.commons.io.file,Counters.AbstractPathCounters,4,107,2,8,2,21,2,11,0,8
Apache Commons IO,org.apache.commons.io.file,DeletingPathVisitor,72,120,14,14,16,27,11,14,2,9
Apache Commons IO,org.apache.commons.io.file,Counters.BigIntegerPathCounters,0,6,0,0,0,2,0,1,0,1
Apache Commons IO,org.apache.commons.io.file,Counters.PathCounters,1,0,0,0,1,0,1,0,1,0
Apache Commons IO,org.apache.commons.io.file,DirectoryStreamFilter,0,25,0,2,0,5,0,4,0,3
Apache Commons IO,org.apache.commons.io.file,StandardDeleteOption,1,25,1,3,0,5,1,4,0,3
Apache Commons IO,org.apache.commons.io.file,CountingPathVisitor,2,157,1,9,1,37,1,21,0,17
Apache Commons IO,org.apache.commons.io.file,Counters,3,22,0,0,1,6,1,6,1,6
Apache Commons IO,org.apache.commons.io.file,Counters.NoopCounter,2,14,0,0,1,6,1,6,1,6
Apache Commons IO,org.apache.commons.io.file,AccumulatorPathVisitor,30,161,9,1,6,32,5,17,0,17
Apache Commons IO,org.apache.commons.io.file,SimplePathVisitor,12,16,0,0,1,6,2,2,2,2
Apache Commons IO,org.apache.commons.io.file,Counters.BigIntegerCounter,4,65,2,2,2,17,2,10,0,10
Apache Commons IO,org.apache.commons.io.file,FilesUncheck,5,340,0,0,1,55,1,54,1,54
Apache Commons IO,org.apache.commons.io.file,NoopPathVisitor,4,8,0,0,2,3,1,2,1,2
Apache Commons IO,org.apache.commons.io.file,CopyDirectoryVisitor,5,168,5,11,1,37,5,15,0,12
Apache Commons IO,org.apache.commons.io.file,Counters.LongPathCounters,0,6,0,0,0,2,0,1,0,1
Apache Commons IO,org.apache.commons.io.file,Counters.Counter,1,0,0,0,1,0,1,0,1,0
Apache Commons IO,org.apache.commons.io.file,Counters.LongCounter,4,62,2,4,2,15,2,10,0,9
Apache Commons IO,org.apache.commons.io.file.attribute,FileTimes,0,137,0,4,0,26,0,17,0,15
Apache Commons IO,org.apache.commons.io.file.spi,FileSystemProviders,1,67,1,3,0,12,1,9,0,8
